,missing_count,missing_percent,dtype
location_id,0,0.0,object
country,0,0.0,object
state,0,0.0,object
district,0,0.0,object
latitude,0,0.0,float64
longitude,0,0.0,float64
date,0,0.0,object
crop,0,0.0,object
observation_granularity,0,0.0,object
field_id,71214,100.0,float64
crop_variety,71214,100.0,float64
crop_start_date,71214,100.0,float64
crop_harvest_date,71214,100.0,float64
growth_stage,71214,100.0,float64
temperature_mean_c,0,0.0,float64
temperature_max_c,0,0.0,float64
temperature_min_c,0,0.0,float64
relative_humidity_percent,0,0.0,float64
precipitation_mm_day,0,0.0,float64
wind_speed_m_s,0,0.0,float64
solar_radiation_kwh_m2_day,0,0.0,float64
bulk_density_kg_dm3,63910,89.744,float64
cec_cmol_kg,63910,89.744,float64
clay_g_kg,63910,89.744,float64
soil_ph,63910,89.744,float64
sand_g_kg,63910,89.744,float64
silt_g_kg,63910,89.744,float64
soil_organic_carbon_g_kg,63910,89.744,float64
irrigation_method,71214,100.0,float64
water_source,71214,100.0,float64
previous_irrigation_mm,71214,100.0,float64
irrigation_requirement_mm,0,0.0,float64
target_source,0,0.0,object
weather_source,0,0.0,object
soil_source,0,0.0,object
extraterrestrial_radiation_mj_m2_day,0,0.0,float64
et0_hargreaves_mm_day,0,0.0,float64
assumed_crop_coefficient_kc,0,0.0,float64
etc_proxy_mm_day,0,0.0,float64
effective_rainfall_proxy_mm_day,0,0.0,float64
target_definition,0,0.0,object
assumption_note,0,0.0,object
day_of_year,0,0.0,int64
month,0,0.0,int64
year,0,0.0,int64
sin_day_of_year,0,0.0,float64
cos_day_of_year,0,0.0,float64
