model,feature_group,n_features,test_MAE,test_RMSE,test_R2
Random Forest,all_11_features,11,0.21555299285812768,0.3197414654441963,0.9970573735974004
Random Forest,without_location,9,0.2671599756790285,0.38724301879589923,0.9956837717861289
Random Forest,without_seasonal,9,0.3104477318203878,0.4477117369605612,0.9942305533118585
Random Forest,location_and_seasonal_only,4,2.572189466247893,3.622975113588469,0.6221948211130212
Random Forest,weather_only,7,0.37453409051672626,0.5354149498828253,0.9917487795205532
XGBoost,all_11_features,11,0.22495877364721428,0.2938888222194079,0.9975139873055203
XGBoost,without_location,9,0.32599549024386354,0.4314756114756189,0.994641420097373
XGBoost,without_seasonal,9,0.4153620307066931,0.5538510121920012,0.9911707642592716
XGBoost,location_and_seasonal_only,4,2.74323864968786,3.8009863576534353,0.5841565867566332
XGBoost,weather_only,7,0.480014745176229,0.6394339691047306,0.988231296729771
