model,training_fraction,training_rows,train_MAE,validation_MAE,train_RMSE,validation_RMSE
Random Forest,0.1,5660,0.18709528984632984,0.4518691051070896,0.2694048376376549,0.6210269070170098
Random Forest,0.25,14151,0.15174113197862263,0.365109894131447,0.22296703569301624,0.5108131559557699
Random Forest,0.5,28303,0.12708819927675621,0.2927580798905249,0.19022491584617307,0.42060443922375823
Random Forest,0.75,42454,0.11431499286627379,0.24944260248936378,0.1735099433829843,0.3638540403678353
Random Forest,1.0,56606,0.10594529324656865,0.21586952366904036,0.16290291491779918,0.3205769440273887
XGBoost,0.1,5660,0.1300068090435545,0.30635338187336336,0.16833687539731748,0.41015006379989877
XGBoost,0.25,14151,0.15849283846515996,0.2563755316273854,0.2041869497365749,0.3382394943446711
XGBoost,0.5,28303,0.16798134062000386,0.2346922834814889,0.21890647735258076,0.3103075964486961
XGBoost,0.75,42454,0.1725734090976446,0.22986689329339102,0.22485586732461998,0.30136456645620313
XGBoost,1.0,56606,0.17478157600717795,0.22187053372801135,0.2283980314864917,0.2894962456376507
