location,model,n,MAE,RMSE,mean_residual_actual_minus_predicted
GJ02,Random Forest,1826,0.2284692153110627,0.33116113561389987,-0.04947740676453019
GJ02,XGBoost,1826,0.19759398838353906,0.26161503796471164,0.03598908205885617
GJ04,Random Forest,1826,0.1548987681133338,0.2347866572366134,-0.00735374930421215
GJ04,XGBoost,1826,0.21581552930914777,0.282061842038084,-0.05076010996642652
KA04,Random Forest,1826,0.14492492916276736,0.202832651099761,0.07542964995599317
KA04,XGBoost,1826,0.19246821937485004,0.24516193792451468,-0.0005338677645258071
TN02,Random Forest,1826,0.3324146410205636,0.44900313537752656,0.0910072322695471
TN02,XGBoost,1826,0.2688120207595302,0.3402042616448334,0.13906725641841738
TN03,Random Forest,1826,0.34390199830763746,0.4516116403784611,0.015149602097692899
TN03,XGBoost,1826,0.301368004614525,0.38081225092459065,0.19241435762622144
TS02,Random Forest,1826,0.1218124592929618,0.18182736834719387,0.013823515090182356
TS02,XGBoost,1826,0.19785342722603544,0.2566912618112163,0.06488662858228292
UP03,Random Forest,1826,0.16318445850402097,0.2429404344111223,0.0539247217375132
UP03,XGBoost,1826,0.21853818153859558,0.27829944437659376,-0.07790217983048002
UP06,Random Forest,1826,0.23481747315267337,0.33809043971920366,0.01908656024770084
UP06,XGBoost,1826,0.20722081797149125,0.2806448596498303,0.006050925366490302
