feature,feature_value,random_forest_prediction_mm_day,xgboost_prediction_mm_day
latitude,11.341,9.57452139563774,9.418967
latitude,12.040758620689655,9.546982411842075,9.418967
latitude,12.74051724137931,9.546982411842075,9.341633
latitude,13.440275862068965,9.546982411842075,9.341633
latitude,14.140034482758619,9.532555416259196,9.341633
latitude,14.839793103448276,9.534045147367546,9.341633
latitude,15.53955172413793,9.531383923082076,9.341633
latitude,16.239310344827587,9.531383923082076,8.915952
latitude,16.93906896551724,9.518332268611239,8.791432
latitude,17.638827586206894,9.512308848512356,8.791432
latitude,18.33858620689655,9.48442328673633,8.664572
latitude,19.038344827586204,9.482534972351068,8.643376
latitude,19.738103448275858,9.476531860890992,8.640949
latitude,20.437862068965515,9.476531860890992,8.582119
latitude,21.137620689655172,9.228996745045608,8.582119
latitude,21.837379310344826,9.220582194853138,8.347188
latitude,22.53713793103448,9.215176129936298,8.262066
latitude,23.236896551724136,9.195732504562592,8.262066
latitude,23.936655172413793,9.184827203983208,8.262066
latitude,24.636413793103447,9.177211905469784,8.262066
latitude,25.3361724137931,9.177211905469784,8.262066
latitude,26.035931034482758,9.177211905469784,7.9228644
latitude,26.73568965517241,9.110118221017592,7.885314
latitude,27.435448275862065,9.110118221017592,7.679913
latitude,28.135206896551722,9.117076861606394,7.580866
latitude,28.83496551724138,9.114620466073164,7.575995
latitude,29.53472413793103,9.073134919326591,7.4306808
latitude,30.234482758620686,8.94384743018607,7.2485456
latitude,30.934241379310343,8.94384743018607,7.2485456
latitude,31.634,8.933622731650972,7.2219195
longitude,73.1812,9.610033016930874,9.394353
longitude,73.57150344827586,9.610033016930874,9.394353
longitude,73.96180689655172,9.606060084467229,9.394353
longitude,74.3521103448276,9.6236813593972,9.383586
longitude,74.74241379310345,9.641504328525947,9.372562
longitude,75.13271724137931,9.64322801803664,9.273252
longitude,75.52302068965517,9.647705561615025,9.273252
longitude,75.91332413793104,9.668986125061922,9.316485
longitude,76.3036275862069,9.667892581231689,9.316485
longitude,76.69393103448276,9.667892581231689,9.396747
longitude,77.08423448275862,9.679333749010715,9.379411
longitude,77.47453793103449,9.677595823157581,9.379411
longitude,77.86484137931035,9.677595823157581,9.387797
longitude,78.25514482758621,9.636507494002183,9.326921
longitude,78.64544827586207,9.573331629441743,9.326921
longitude,79.03575172413794,9.573331629441743,9.326921
longitude,79.4260551724138,9.573331629441743,9.326921
longitude,79.81635862068966,9.573331629441743,9.202668
longitude,80.20666206896551,9.569262819259796,9.202668
longitude,80.59696551724139,9.56710814512351,9.202668
longitude,80.98726896551725,9.56710814512351,9.161023
longitude,81.3775724137931,9.56710814512351,9.161023
longitude,81.76787586206896,9.56710814512351,9.161023
longitude,82.15817931034483,9.562875057693795,9.161023
longitude,82.5484827586207,9.562875057693795,9.161023
longitude,82.93878620689655,9.562875057693795,9.161023
longitude,83.32908965517241,9.562875057693795,9.161023
longitude,83.71939310344828,9.562875057693795,9.161023
longitude,84.10969655172414,9.562875057693795,9.161023
longitude,84.5,9.559939973840695,9.161023
temperature_mean_c,14.2,9.556370920181118,9.120781
temperature_mean_c,14.879310344827585,9.556370920181118,9.120781
temperature_mean_c,15.558620689655172,9.556370920181118,9.120781
temperature_mean_c,16.23793103448276,9.556370920181118,9.120781
temperature_mean_c,16.917241379310344,9.556370920181118,9.120781
temperature_mean_c,17.59655172413793,9.556370920181118,9.120781
temperature_mean_c,18.275862068965516,9.556370920181118,9.294759
temperature_mean_c,18.955172413793104,9.553477125901532,9.28353
temperature_mean_c,19.63448275862069,9.553477125901532,9.288081
temperature_mean_c,20.313793103448276,9.553477125901532,9.30709
temperature_mean_c,20.99310344827586,9.548400432630821,9.300759
temperature_mean_c,21.67241379310345,9.568877589033455,9.316917
temperature_mean_c,22.351724137931036,9.571072080542955,9.292522
temperature_mean_c,23.03103448275862,9.56526109597032,9.352204
temperature_mean_c,23.710344827586205,9.46429770997162,9.310311
temperature_mean_c,24.389655172413793,9.451905630276617,9.303841
temperature_mean_c,25.06896551724138,9.353806389134212,9.254111
temperature_mean_c,25.748275862068965,9.247433420726956,9.184244
temperature_mean_c,26.42758620689655,9.247433420726956,9.161338
temperature_mean_c,27.106896551724137,9.247433420726956,9.138765
temperature_mean_c,27.786206896551725,9.247433420726956,9.144265
temperature_mean_c,28.46551724137931,9.247433420726956,9.166071
temperature_mean_c,29.144827586206894,9.247433420726956,9.233768
temperature_mean_c,29.824137931034482,9.247433420726956,9.225808
temperature_mean_c,30.50344827586207,9.247433420726956,9.59223
temperature_mean_c,31.182758620689654,9.247433420726956,9.627494
temperature_mean_c,31.862068965517242,9.247433420726956,9.657044
temperature_mean_c,32.54137931034482,9.247433420726956,9.667935
temperature_mean_c,33.220689655172414,9.247433420726956,9.694964
temperature_mean_c,33.9,9.247433420726956,9.733259
temperature_max_c,22.13,8.573188474976611,7.4203157
temperature_max_c,22.79508620689655,8.773903198437777,7.4811883
temperature_max_c,23.460172413793103,8.86225475904684,7.4820647
temperature_max_c,24.125258620689653,8.999343245954869,7.7839217
temperature_max_c,24.790344827586207,9.03124700037347,7.972094
temperature_max_c,25.455431034482757,8.869246191317194,8.178158
temperature_max_c,26.12051724137931,8.690064129318163,8.4801445
temperature_max_c,26.78560344827586,8.936268886912016,8.86028
temperature_max_c,27.450689655172415,9.687942189565012,9.46631
temperature_max_c,28.115775862068965,9.999288621934696,9.726964
temperature_max_c,28.78086206896552,10.214910545677133,9.96436
temperature_max_c,29.44594827586207,10.511397097624197,10.211449
temperature_max_c,30.11103448275862,10.895288057705768,10.631839
temperature_max_c,30.776120689655173,11.20683180557707,10.781852
temperature_max_c,31.441206896551726,11.386123283313264,11.194182
temperature_max_c,32.10629310344828,11.988388546327158,11.5877075
temperature_max_c,32.77137931034483,12.436680028131878,11.9655695
temperature_max_c,33.43646551724138,12.562712226994508,12.383997
temperature_max_c,34.101551724137934,12.57685164896295,12.831771
temperature_max_c,34.76663793103448,14.596626738133976,14.11949
temperature_max_c,35.431724137931035,14.965615965222897,14.6437845
temperature_max_c,36.09681034482759,15.36543186230323,15.0476885
temperature_max_c,36.76189655172414,15.823690394053811,15.742319
temperature_max_c,37.426982758620696,16.42767727178686,16.161701
temperature_max_c,38.09206896551724,17.90591925534285,16.885202
temperature_max_c,38.757155172413796,18.531415296483033,17.240295
temperature_max_c,39.42224137931035,18.940819743708172,17.799921
temperature_max_c,40.0873275862069,19.102578095634517,18.312864
temperature_max_c,40.75241379310345,19.52670486676732,18.644041
temperature_max_c,41.417500000000004,19.856967329424908,19.168371
temperature_min_c,8.44,10.597861610470813,10.7038555
temperature_min_c,9.105172413793102,10.597861610470813,10.695862
temperature_min_c,9.770344827586207,10.591461563931812,10.685894
temperature_min_c,10.43551724137931,10.569041226338744,10.638767
temperature_min_c,11.100689655172413,10.510634569016776,10.588444
temperature_min_c,11.765862068965516,10.495842068212669,10.556882
temperature_min_c,12.43103448275862,10.493556799330113,10.430575
temperature_min_c,13.096206896551724,10.474621119365539,10.361298
temperature_min_c,13.761379310344827,10.461455990173254,10.327239
temperature_min_c,14.42655172413793,10.387604823878549,10.273014
temperature_min_c,15.091724137931035,10.22393294055462,10.163698
temperature_min_c,15.756896551724138,10.072423629105892,10.093152
temperature_min_c,16.42206896551724,9.945422263930155,9.957734
temperature_min_c,17.087241379310342,9.81056678520204,9.888576
temperature_min_c,17.75241379310345,9.733650670909585,9.760795
temperature_min_c,18.41758620689655,9.700624675124846,9.594844
temperature_min_c,19.082758620689653,9.578997258473436,9.466497
temperature_min_c,19.747931034482757,9.451347321633172,9.139098
temperature_min_c,20.413103448275862,9.32479621980192,8.993316
temperature_min_c,21.078275862068963,9.008369991142272,8.786634
temperature_min_c,21.743448275862068,8.713379476123798,8.336986
temperature_min_c,22.408620689655173,8.55225618438801,8.051886
temperature_min_c,23.073793103448274,8.12218795752838,7.855694
temperature_min_c,23.73896551724138,7.929419095390022,7.7804656
temperature_min_c,24.404137931034484,7.936518106470445,7.634195
temperature_min_c,25.069310344827585,7.936518106470445,7.3676634
temperature_min_c,25.734482758620686,7.936518106470445,7.189991
temperature_min_c,26.399655172413794,7.936518106470445,7.088044
temperature_min_c,27.064827586206896,7.936518106470445,6.988559
temperature_min_c,27.73,7.936518106470445,6.6194777
relative_humidity_percent,23.29,9.793373624109105,9.81185
relative_humidity_percent,25.60301724137931,9.793373624109105,9.81185
relative_humidity_percent,27.91603448275862,9.793373624109105,9.81185
relative_humidity_percent,30.229051724137932,9.793373624109105,9.81185
relative_humidity_percent,32.542068965517245,9.793373624109105,9.81185
relative_humidity_percent,34.85508620689655,9.793373624109105,9.81185
relative_humidity_percent,37.168103448275865,9.793373624109105,9.81185
relative_humidity_percent,39.48112068965517,9.793373624109105,9.81185
relative_humidity_percent,41.794137931034484,9.799260414751505,9.81185
relative_humidity_percent,44.1071551724138,9.799260414751505,9.81185
relative_humidity_percent,46.420172413793104,9.807803568045097,9.81185
relative_humidity_percent,48.73318965517242,9.807803568045097,9.81185
relative_humidity_percent,51.04620689655172,9.821741779995039,9.812173
relative_humidity_percent,53.35922413793104,9.848400188637877,9.812173
relative_humidity_percent,55.67224137931035,9.848400188637877,9.812173
relative_humidity_percent,57.985258620689656,9.859522244375336,9.812173
relative_humidity_percent,60.29827586206897,9.866712085192368,9.799354
relative_humidity_percent,62.61129310344828,9.876751395991102,9.792748
relative_humidity_percent,64.92431034482759,9.887678472017804,9.792748
relative_humidity_percent,67.2373275862069,9.887678472017804,9.792748
relative_humidity_percent,69.5503448275862,9.889724153140895,9.792748
relative_humidity_percent,71.86336206896553,9.894610144579595,9.792748
relative_humidity_percent,74.17637931034483,9.894610144579595,9.768762
relative_humidity_percent,76.48939655172414,9.898888811051041,9.728881
relative_humidity_percent,78.80241379310345,9.905446280721979,9.64921
relative_humidity_percent,81.11543103448277,9.866983681484923,9.570358
relative_humidity_percent,83.42844827586208,9.755720177837665,9.462733
relative_humidity_percent,85.74146551724138,9.601710808456518,9.444967
relative_humidity_percent,88.05448275862071,9.562156921041893,9.276825
relative_humidity_percent,90.3675,9.547036136345431,9.01498
precipitation_mm_day,0.0,9.735094667024846,9.547673
precipitation_mm_day,0.643448275862069,9.497435129135631,9.237176
precipitation_mm_day,1.286896551724138,9.19146939688396,8.672543
precipitation_mm_day,1.930344827586207,8.73309886538969,8.030394
precipitation_mm_day,2.573793103448276,7.810264235849478,7.8071027
precipitation_mm_day,3.217241379310345,7.4089564420774074,7.331437
precipitation_mm_day,3.860689655172414,6.917069440269122,6.734851
precipitation_mm_day,4.504137931034483,6.406357414101463,6.110702
precipitation_mm_day,5.147586206896552,5.992900019408813,5.6538343
precipitation_mm_day,5.79103448275862,5.611681998851411,4.56857
precipitation_mm_day,6.43448275862069,5.179769723952953,4.0769343
precipitation_mm_day,7.077931034482759,3.1266709203781993,3.6307676
precipitation_mm_day,7.721379310344828,2.747916233822769,2.8464108
precipitation_mm_day,8.364827586206896,2.560365041954995,2.5684545
precipitation_mm_day,9.008275862068967,2.207914403448907,2.1439884
precipitation_mm_day,9.651724137931035,2.1288176693690266,1.8555605
precipitation_mm_day,10.295172413793104,1.8355948993089906,1.5634619
precipitation_mm_day,10.938620689655172,1.6677341206287173,1.2726657
precipitation_mm_day,11.58206896551724,0.8241930859548661,0.90163517
precipitation_mm_day,12.225517241379311,0.6904284275657049,0.7683327
precipitation_mm_day,12.86896551724138,0.5288272061717055,0.6737015
precipitation_mm_day,13.512413793103448,0.20591723896476005,0.40994802
precipitation_mm_day,14.155862068965519,0.02884502362402647,0.33583337
precipitation_mm_day,14.799310344827587,0.007255577445880937,0.2381087
precipitation_mm_day,15.442758620689656,0.002434781307017549,0.077397265
precipitation_mm_day,16.086206896551726,0.00046475478904243155,0.021333164
precipitation_mm_day,16.729655172413793,0.0,0.025290806
precipitation_mm_day,17.373103448275863,0.0,0.025290806
precipitation_mm_day,18.016551724137933,0.0,0.032259833
precipitation_mm_day,18.66,0.0,0.036326766
wind_speed_m_s,0.95,9.589775963651984,9.395957
wind_speed_m_s,1.0789655172413792,9.599691944330944,9.407152
wind_speed_m_s,1.2079310344827585,9.60829343720938,9.405251
wind_speed_m_s,1.3368965517241378,9.608788473900358,9.409471
wind_speed_m_s,1.4658620689655173,9.59319159465646,9.433168
wind_speed_m_s,1.5948275862068964,9.588233104270046,9.406284
wind_speed_m_s,1.7237931034482759,9.570840494207935,9.3693075
wind_speed_m_s,1.8527586206896551,9.571894449969236,9.35203
wind_speed_m_s,1.9817241379310344,9.57382508793834,9.335751
wind_speed_m_s,2.110689655172414,9.575147200228667,9.335751
wind_speed_m_s,2.239655172413793,9.573028538074151,9.325108
wind_speed_m_s,2.368620689655172,9.570720583410308,9.330574
wind_speed_m_s,2.4975862068965515,9.569864440805885,9.326921
wind_speed_m_s,2.626551724137931,9.56935404893607,9.326921
wind_speed_m_s,2.7555172413793105,9.573331629441743,9.321659
wind_speed_m_s,2.8844827586206896,9.569219438020532,9.321659
wind_speed_m_s,3.0134482758620686,9.541724903372002,9.310029
wind_speed_m_s,3.142413793103448,9.503814447530026,9.272694
wind_speed_m_s,3.2713793103448277,9.490581415221772,9.264845
wind_speed_m_s,3.400344827586207,9.484227641446292,9.264845
wind_speed_m_s,3.5293103448275858,9.484227641446292,9.26554
wind_speed_m_s,3.6582758620689653,9.488582982928966,9.254119
wind_speed_m_s,3.7872413793103448,9.493728443326114,9.254119
wind_speed_m_s,3.9162068965517243,9.493728443326114,9.254119
wind_speed_m_s,4.045172413793104,9.493728443326114,9.254119
wind_speed_m_s,4.174137931034482,9.493728443326114,9.254119
wind_speed_m_s,4.303103448275862,9.505018530919704,9.254119
wind_speed_m_s,4.432068965517241,9.505018530919704,9.254119
wind_speed_m_s,4.561034482758621,9.505018530919704,9.24494
wind_speed_m_s,4.69,9.505018530919704,9.24494
solar_radiation_kwh_m2_day,7.94,8.953754368259874,8.592827
solar_radiation_kwh_m2_day,8.551724137931036,8.960705036684576,8.592827
solar_radiation_kwh_m2_day,9.16344827586207,8.959911849725142,8.715951
solar_radiation_kwh_m2_day,9.775172413793104,8.971484107551591,8.797967
solar_radiation_kwh_m2_day,10.386896551724139,8.997075452781598,8.797967
solar_radiation_kwh_m2_day,10.998620689655173,8.994385758321393,8.90383
solar_radiation_kwh_m2_day,11.610344827586207,9.003368557133765,8.900077
solar_radiation_kwh_m2_day,12.222068965517241,9.038436552602425,8.917451
solar_radiation_kwh_m2_day,12.833793103448276,9.132168552269825,8.939526
solar_radiation_kwh_m2_day,13.44551724137931,9.169582670792263,8.939526
solar_radiation_kwh_m2_day,14.057241379310344,9.191671019009108,9.040158
solar_radiation_kwh_m2_day,14.668965517241379,9.221212707230691,9.064187
solar_radiation_kwh_m2_day,15.280689655172413,9.246402667322398,9.096914
solar_radiation_kwh_m2_day,15.892413793103447,9.32903965222893,9.2547245
solar_radiation_kwh_m2_day,16.50413793103448,9.352017666448143,9.240834
solar_radiation_kwh_m2_day,17.115862068965516,9.489224396510364,9.36778
solar_radiation_kwh_m2_day,17.72758620689655,9.573331629441743,9.335189
solar_radiation_kwh_m2_day,18.339310344827584,9.602030635692753,9.3037195
solar_radiation_kwh_m2_day,18.95103448275862,9.622055393603276,9.366375
solar_radiation_kwh_m2_day,19.562758620689653,9.788838487823947,9.494182
solar_radiation_kwh_m2_day,20.174482758620687,9.88081547682189,9.573754
solar_radiation_kwh_m2_day,20.78620689655172,10.441239105370675,9.733475
solar_radiation_kwh_m2_day,21.397931034482756,10.649840534285584,9.728711
solar_radiation_kwh_m2_day,22.00965517241379,10.798029581930155,9.728711
solar_radiation_kwh_m2_day,22.621379310344828,10.821541996972826,9.7361555
solar_radiation_kwh_m2_day,23.233103448275862,10.828703254368127,9.839124
solar_radiation_kwh_m2_day,23.844827586206897,10.828703254368127,9.862096
solar_radiation_kwh_m2_day,24.45655172413793,10.828703254368127,9.894491
solar_radiation_kwh_m2_day,25.068275862068965,10.828703254368127,10.026623
solar_radiation_kwh_m2_day,25.68,10.828703254368127,10.092061
sin_day_of_year,-0.9878726596350428,9.798152496055984,9.316093
sin_day_of_year,-0.9197668511203514,9.751979692885216,9.316579
sin_day_of_year,-0.8516610426056599,9.719098843181811,9.297312
sin_day_of_year,-0.7835552340909685,9.763870235803672,9.302939
sin_day_of_year,-0.7154494255762771,9.595392064110271,9.302939
sin_day_of_year,-0.6473436170615857,9.603213440576615,9.30773
sin_day_of_year,-0.5792378085468943,9.580899371891865,9.261173
sin_day_of_year,-0.5111320000322028,9.54546292738705,9.261503
sin_day_of_year,-0.44302619151751144,9.536896451723244,9.261503
sin_day_of_year,-0.37492038300282005,9.532439871520124,9.261503
sin_day_of_year,-0.30681457448812866,9.546305882039544,9.261503
sin_day_of_year,-0.23870876597343715,9.56203168254786,9.261503
sin_day_of_year,-0.17060295745874576,9.570391752647915,9.302326
sin_day_of_year,-0.10249714894405437,9.580112945616428,9.307998
sin_day_of_year,-0.03439134042936287,9.57690637764252,9.335956
sin_day_of_year,0.03371446808532841,9.578807437232827,9.326921
sin_day_of_year,0.10182027660001991,9.611147896915114,9.343787
sin_day_of_year,0.1699260851147114,9.612683450080672,9.334223
sin_day_of_year,0.2380318936294027,9.61745277303627,9.463958
sin_day_of_year,0.3061377021440942,9.61745277303627,9.484478
sin_day_of_year,0.37424351065878547,9.61745277303627,9.508934
sin_day_of_year,0.442349319173477,9.62580838646604,9.673962
sin_day_of_year,0.5104551276881685,9.634804304571558,9.680068
sin_day_of_year,0.5785609362028598,9.634804304571558,9.704048
sin_day_of_year,0.6466667447175513,9.634804304571558,9.798978
sin_day_of_year,0.7147725532322428,9.636283025408261,9.813754
sin_day_of_year,0.782878361746934,9.636283025408261,9.798751
sin_day_of_year,0.8509841702616255,9.636283025408261,9.913981
sin_day_of_year,0.919089978776317,9.646411221552498,10.001102
sin_day_of_year,0.9871957872910084,9.646411221552498,10.088384
cos_day_of_year,-0.9870237158387384,10.539437524894334,11.222439
cos_day_of_year,-0.9189412870996887,10.539437524894334,11.222439
cos_day_of_year,-0.8508588583606391,10.545397908580135,11.223088
cos_day_of_year,-0.7827764296215894,10.54031761584575,11.231373
cos_day_of_year,-0.7146940008825398,10.516070029670304,11.26218
cos_day_of_year,-0.6466115721434901,10.50630057319685,11.26218
cos_day_of_year,-0.5785291434044404,10.50630057319685,11.248777
cos_day_of_year,-0.5104467146653908,10.50630057319685,11.263501
cos_day_of_year,-0.44236428592634114,10.496833149304322,11.289824
cos_day_of_year,-0.37428185718729146,10.496833149304322,11.26546
cos_day_of_year,-0.3061994284482418,10.485169813137539,11.229888
cos_day_of_year,-0.2381169997091922,10.458345467940438,11.216954
cos_day_of_year,-0.17003457097014252,10.340198468686113,11.075708
cos_day_of_year,-0.10195214223109283,10.13327337009465,10.781575
cos_day_of_year,-0.03386971349204326,10.098506514834309,10.697969
cos_day_of_year,0.03421271524700653,10.005412224061454,10.540445
cos_day_of_year,0.1022951439860561,9.9708965456363,10.486242
cos_day_of_year,0.17037757272510567,9.96799563782631,10.412664
cos_day_of_year,0.23846000146415547,9.93150453505455,10.388598
cos_day_of_year,0.30654243020320504,9.920251326903843,10.203037
cos_day_of_year,0.37462485894225483,9.91328673735833,10.184005
cos_day_of_year,0.4427072876813044,9.899807097281347,10.12375
cos_day_of_year,0.510789716420354,9.870120376356073,9.93037
cos_day_of_year,0.5788721451594038,9.863833832723962,9.626051
cos_day_of_year,0.6469545738984533,9.83672814976689,9.618066
cos_day_of_year,0.7150370026375029,9.731386879182335,9.581475
cos_day_of_year,0.7831194313765527,9.67025423541161,9.461816
cos_day_of_year,0.8512018601156023,9.656759268608553,9.353836
cos_day_of_year,0.9192842888546519,9.603769918481891,9.336295
cos_day_of_year,0.9873667175937016,9.604955613640143,9.336295
